<beans xmlns="http://www.springframework.org/schema/beans"
	xmlns:mvc="http://www.springframework.org/schema/mvc" 
	xmlns:context="http://www.springframework.org/schema/context"
	xmlns:wf="http://www.springframework.org/schema/webflow-config"
	xmlns:xsi="http://www.w3.org/2001/XMLSchema-instance"
	
	xsi:schemaLocation="http://www.springframework.org/schema/beans http://www.springframework.org/schema/beans/spring-beans.xsd
		http://www.springframework.org/schema/context http://www.springframework.org/schema/context/spring-context.xsd
		http://www.springframework.org/schema/mvc http://www.springframework.org/schema/mvc/spring-mvc.xsd
	    http://www.springframework.org/schema/webflow-config http://www.springframework.org/schema/webflow-config/spring-webflow-config.xsd">

	<!-- WebFlow Configuration -->
	<wf:flow-executor id="flowExecutor" />

	<wf:flow-registry id="flowRegistry"	flow-builder-services="flowBuilderServices" base-path="/WEB-INF">
		<wf:flow-location id="register" path="/memberShipFlow.xml"></wf:flow-location>
	</wf:flow-registry>

	<wf:flow-builder-services id="flowBuilderServices"
		view-factory-creator="viewFactoryCreator" validator="validator" />

	<!-- for resolving the view in flow -->
	<bean id="viewFactoryCreator" class="org.springframework.webflow.mvc.builder.MvcViewFactoryCreator">
		<property name="viewResolvers">
			<list>
				<ref bean="viewResolver" />
			</list>
		</property>
	</bean>
	<!-- Need to set up the beans to provide configuration information for execution of the flow	the flow executor -->
	<bean class="org.springframework.webflow.mvc.servlet.FlowHandlerAdapter">
		<property name="flowExecutor" ref="flowExecutor" />
	</bean>

	<!-- for handling the mapping used in flow -->
	<bean class="org.springframework.webflow.mvc.servlet.FlowHandlerMapping">
		<property name="flowRegistry" ref="flowRegistry" />
		<property name="order" value="0" />
	</bean>

	<!-- For hibernate validator -->
	<bean id="validator" class="org.springframework.validation.beanvalidation.LocalValidatorFactoryBean" />
 
	<bean id="multipartResolver" class="org.springframework.web.multipart.commons.CommonsMultipartResolver" />

	<!-- LOADING THE FRONT CONTROLLER -->
	<bean id="viewResolver"	class="org.springframework.web.servlet.view.InternalResourceViewResolver">
		<property name="prefix" value="/WEB-INF/views/" />
		<property name="suffix" value=".jsp" />
	</bean>

	</beans>